https://http2.mlstatic.com/D_NQ_NP_872072-MLU44392282121_122020-W.webp , 9.500 , 49 m² cubiertos 2 dorms. , R1 444, Atlántida, Canelones , R1 444 , https://casa.mercadolibre.com.uy/MLU-476724461-cabana-de-2-dormitorios-49-metros-cuadrados-_JM#position=1&type=item&tracking_id=affcb1cf-b730-4582-b0b4-8e1409d906ca, Atlantida
https://http2.mlstatic.com/D_NQ_NP_605735-MLU43209384899_082020-W.webp , 200 , 165 m² cubiertos 4 dorms. , Calle Julio Herrera 000000, Atlántida, Canelones , Calle Julio Herrera 000000 , https://casa.mercadolibre.com.uy/MLU-474375260-lugar-ideal-para-tus-vacaciones-_JM#position=2&type=item&tracking_id=affcb1cf-b730-4582-b0b4-8e1409d906ca, Atlantida
https://http2.mlstatic.com/D_NQ_NP_819909-MLU32732557759_112019-W.webp , 9.000 , 50 m² cubiertos 2 dorms. , Alquiler Anual En City Golf 1, Atlántida, Canelones , Alquiler Anual En City Golf 1 , https://casa.mercadolibre.com.uy/MLU-468023424-alquiler-anual-de-casa-en-ph-en-city-golf-atlantida-_JM#position=3&type=item&tracking_id=affcb1cf-b730-4582-b0b4-8e1409d906ca, Atlantida
https://http2.mlstatic.com/D_NQ_NP_843211-MLU42541514665_072020-W.webp , 12.500 , 40 m² cubiertos 1 dorm. , Jose Laborido 0000, Atlántida, Canelones , Jose Laborido 0000 , https://casa.mercadolibre.com.uy/MLU-473373125-atras-de-la-ancap-casa-a-nueva-_JM#position=4&type=item&tracking_id=affcb1cf-b730-4582-b0b4-8e1409d906ca, Atlantida
https://http2.mlstatic.com/D_NQ_NP_846075-MLU43136740794_082020-W.webp , 200 , 330 m² cubiertos 3 dorms. , Artigas Sn, Atlántida, Canelones , Artigas Sn , https://casa.mercadolibre.com.uy/MLU-476323455-casa-de-tres-cuartos-y-dos-banos-_JM#position=5&type=item&tracking_id=affcb1cf-b730-4582-b0b4-8e1409d906ca, Atlantida
https://http2.mlstatic.com/D_NQ_NP_847040-MLU25730938743_072017-W.webp , 9.500 , 50 m² cubiertos 1 dorm. , Circunvalación Esq. 9 9, Atlántida, Canelones , Circunvalación Esq. 9 9 , https://casa.mercadolibre.com.uy/MLU-475690750-casa-excelente-ubicacion-_JM#position=6&type=item&tracking_id=affcb1cf-b730-4582-b0b4-8e1409d906ca, Atlantida
https://http2.mlstatic.com/D_NQ_NP_872072-MLU44392282121_122020-W.webp , 9.500 , 49 m² cubiertos 2 dorms. , R1 444, Atlántida, Canelones , R1 444 , https://casa.mercadolibre.com.uy/MLU-476724461-cabana-de-2-dormitorios-49-metros-cuadrados-_JM#position=1&type=item&tracking_id=1be7452a-4721-4ebd-ba12-414583a9f4ef, Atlantida
https://http2.mlstatic.com/D_NQ_NP_605735-MLU43209384899_082020-W.webp , 200 , 165 m² cubiertos 4 dorms. , Calle Julio Herrera 000000, Atlántida, Canelones , Calle Julio Herrera 000000 , https://casa.mercadolibre.com.uy/MLU-474375260-lugar-ideal-para-tus-vacaciones-_JM#position=2&type=item&tracking_id=1be7452a-4721-4ebd-ba12-414583a9f4ef, Atlantida
https://http2.mlstatic.com/D_NQ_NP_819909-MLU32732557759_112019-W.webp , 9.000 , 50 m² cubiertos 2 dorms. , Alquiler Anual En City Golf 1, Atlántida, Canelones , Alquiler Anual En City Golf 1 , https://casa.mercadolibre.com.uy/MLU-468023424-alquiler-anual-de-casa-en-ph-en-city-golf-atlantida-_JM#position=3&type=item&tracking_id=1be7452a-4721-4ebd-ba12-414583a9f4ef, Atlantida
https://http2.mlstatic.com/D_NQ_NP_843211-MLU42541514665_072020-W.webp , 12.500 , 40 m² cubiertos 1 dorm. , Jose Laborido 0000, Atlántida, Canelones , Jose Laborido 0000 , https://casa.mercadolibre.com.uy/MLU-473373125-atras-de-la-ancap-casa-a-nueva-_JM#position=4&type=item&tracking_id=1be7452a-4721-4ebd-ba12-414583a9f4ef, Atlantida
https://http2.mlstatic.com/D_NQ_NP_846075-MLU43136740794_082020-W.webp , 200 , 330 m² cubiertos 3 dorms. , Artigas Sn, Atlántida, Canelones , Artigas Sn , https://casa.mercadolibre.com.uy/MLU-476323455-casa-de-tres-cuartos-y-dos-banos-_JM#position=5&type=item&tracking_id=1be7452a-4721-4ebd-ba12-414583a9f4ef, Atlantida
